Datetime,Water Level (m)
2025-02-20 12:00:00,0.7507526
2025-02-20 13:00:00,0.45240527
2025-02-20 14:00:00,-0.009134138
2025-02-20 15:00:00,-0.5212797
2025-02-20 16:00:00,-0.9852855
2025-02-20 17:00:00,-1.3267252
2025-02-20 18:00:00,-1.4274734
2025-02-20 19:00:00,-1.1700212
2025-02-20 20:00:00,-0.65478265
2025-02-20 21:00:00,-0.14917456
2025-02-20 22:00:00,0.226153
2025-02-20 23:00:00,0.3885691
2025-02-21 00:00:00,0.3313412
2025-02-21 01:00:00,0.041713513
2025-02-21 02:00:00,-0.4094185
2025-02-21 03:00:00,-0.8728265
2025-02-21 04:00:00,-1.2650558
2025-02-21 05:00:00,-1.5344281
2025-02-21 06:00:00,-1.5945891
2025-02-21 07:00:00,-1.347987
2025-02-21 08:00:00,-0.84854025
2025-02-21 09:00:00,-0.2772712
2025-02-21 10:00:00,0.22630687
2025-02-21 11:00:00,0.5890659
2025-02-21 12:00:00,0.77234477
2025-02-21 13:00:00,0.72342813
2025-02-21 14:00:00,0.43381426
2025-02-21 15:00:00,0.011034801
2025-02-21 16:00:00,-0.42246848
2025-02-21 17:00:00,-0.8064277
2025-02-21 18:00:00,-1.1057364
2025-02-21 19:00:00,-1.2414628
2025-02-21 20:00:00,-1.1517613
2025-02-21 21:00:00,-0.8707356
2025-02-21 22:00:00,-0.5211465
2025-02-21 23:00:00,-0.20673823
2025-02-22 00:00:00,-0.008038418
2025-02-22 01:00:00,0.052582063
2025-02-22 02:00:00,-0.03879256
2025-02-22 03:00:00,-0.2673505
2025-02-22 04:00:00,-0.5767267
2025-02-22 05:00:00,-0.90013057
2025-02-22 06:00:00,-1.167746
2025-02-22 07:00:00,-1.322663
2025-02-22 08:00:00,-1.2669349
2025-02-22 09:00:00,-0.96643
2025-02-22 10:00:00,-0.53399366
2025-02-22 11:00:00,-0.07352294
2025-02-22 12:00:00,0.32545272
2025-02-22 13:00:00,0.5998707
2025-02-22 14:00:00,0.70298886
2025-02-22 15:00:00,0.59026384
2025-02-22 16:00:00,0.30539396
2025-02-22 17:00:00,-0.07911971
2025-02-22 18:00:00,-0.49792662
2025-02-22 19:00:00,-0.9005128
2025-02-22 20:00:00,-1.2069566
2025-02-22 21:00:00,-1.3498201
2025-02-22 22:00:00,-1.2990115
2025-02-22 23:00:00,-1.053084
2025-02-23 00:00:00,-0.68314296
2025-02-23 01:00:00,-0.3170047
2025-02-23 02:00:00,-0.057568587
2025-02-23 03:00:00,0.054624747
2025-02-23 04:00:00,0.019023132
2025-02-23 05:00:00,-0.17361376
2025-02-23 06:00:00,-0.5025092
2025-02-23 07:00:00,-0.8885181
2025-02-23 08:00:00,-1.2128897
2025-02-23 09:00:00,-1.3792857
2025-02-23 10:00:00,-1.2943667
2025-02-23 11:00:00,-0.9154813
2025-02-23 12:00:00,-0.37335536
2025-02-23 13:00:00,0.19631933
2025-02-23 14:00:00,0.64133525
2025-02-23 15:00:00,0.8787167
2025-02-23 16:00:00,0.8903897
2025-02-23 17:00:00,0.6747436
2025-02-23 18:00:00,0.24165535
2025-02-23 19:00:00,-0.32009804
2025-02-23 20:00:00,-0.9013308
2025-02-23 21:00:00,-1.39409
2025-02-23 22:00:00,-1.7097479
2025-02-23 23:00:00,-1.7410614
2025-02-24 00:00:00,-1.4056339
2025-02-24 01:00:00,-0.833544
2025-02-24 02:00:00,-0.2479212
2025-02-24 03:00:00,0.20012575
2025-02-24 04:00:00,0.41486934
2025-02-24 05:00:00,0.4062085
2025-02-24 06:00:00,0.15336418
2025-02-24 07:00:00,-0.3123154
2025-02-24 08:00:00,-0.86092836
2025-02-24 09:00:00,-1.3562614
2025-02-24 10:00:00,-1.6791977
2025-02-24 11:00:00,-1.6878511
2025-02-24 12:00:00,-1.2207323
2025-02-24 13:00:00,-0.46731237
2025-02-24 14:00:00,0.29884195
2025-02-24 15:00:00,0.8896074
2025-02-24 16:00:00,1.1863636
2025-02-24 17:00:00,1.2091261
2025-02-24 18:00:00,0.90731144
2025-02-24 19:00:00,0.31096026
2025-02-24 20:00:00,-0.41292414
2025-02-24 21:00:00,-1.1185308
2025-02-24 22:00:00,-1.7049227
2025-02-24 23:00:00,-2.0616438
2025-02-25 00:00:00,-2.0193367
2025-02-25 01:00:00,-1.4228445
2025-02-25 02:00:00,-0.6014373
2025-02-25 03:00:00,0.1517773
2025-02-25 04:00:00,0.66159093
2025-02-25 05:00:00,0.8297714
2025-02-25 06:00:00,0.7132728
2025-02-25 07:00:00,0.27540362
2025-02-25 08:00:00,-0.37905052
2025-02-25 09:00:00,-1.0672889
2025-02-25 10:00:00,-1.6675532
2025-02-25 11:00:00,-2.0461602
2025-02-25 12:00:00,-1.9404441
2025-02-25 13:00:00,-1.1466285
2025-02-25 14:00:00,-0.1778798
2025-02-25 15:00:00,0.7253018
2025-02-25 16:00:00,1.335204
2025-02-25 17:00:00,1.5840988
2025-02-25 18:00:00,1.471498
2025-02-25 19:00:00,0.96854377
2025-02-25 20:00:00,0.18428808
2025-02-25 21:00:00,-0.6770258
2025-02-25 22:00:00,-1.460284
2025-02-25 23:00:00,-2.0886981
2025-02-26 00:00:00,-2.397695
2025-02-26 01:00:00,-2.0664217
2025-02-26 02:00:00,-1.0897522
2025-02-26 03:00:00,-0.09713449
2025-02-26 04:00:00,0.7230418
2025-02-26 05:00:00,1.1499624
2025-02-26 06:00:00,1.1929604
2025-02-26 07:00:00,0.8692662
2025-02-26 08:00:00,0.20665689
2025-02-26 09:00:00,-0.59959847
2025-02-26 10:00:00,-1.3769826
2025-02-26 11:00:00,-2.0210054
2025-02-26 12:00:00,-2.3632734
